<tool_message><semantic_event id='676' name='SOLUTION_MIX'><description>44.5 mL from 250mL Erlenmeyer Flask (ID15) that contains 0.01M NaOH (0E0g of H2O, 1.01E-12M of H+, 1E-2M of OH-, 1E-2M of Na+; V=100 mL, T=298.15K) are poured into 250mL Beaker (ID14) that contains 250mL Beaker (0E0g of H2O, 1.33E-3M of H+, 7.57E-12M of OH-, 8.72E-2M of Unknown_A, 1.33E-3M of Unknown_A-; V=10 mL, T=298.15K). The resulting solution is 250mL Beaker (0E0g of H2O, 2E-5M of H+, 5.09E-10M of OH-, 8.06E-3M of Unknown_A, 8.19E-3M of Unknown_A-, 8.17E-3M of Na+; V=54.5 mL, T=298.28K).</description><solution_mix_operation source_id='15' source_temperature='298.15' recipient_id='14' recipient_temperature='298.15' volume='0.0445' time_ms='1334352055268' /></semantic_event><event_descriptor><action></action><selection></selection><input></input></event_descriptor></tool_message>
